{
  "epochs": [
    0,
    1,
    2,
    3,
    4,
    5,
    6,
    7,
    8,
    9,
    10,
    11,
    12,
    13,
    14,
    15,
    16,
    17,
    18,
    19,
    20,
    21,
    22,
    23,
    24,
    25,
    26,
    27,
    28,
    29,
    30,
    31,
    32,
    33,
    34,
    35,
    36,
    37,
    38,
    39,
    40,
    41,
    42,
    43,
    44,
    45,
    46,
    47,
    48,
    49
  ],
  "train_total_losses": [
    1.3859165263175965,
    0.9363345003128052,
    0.7853731775283813,
    0.7036507207155228,
    0.6625215750932694,
    0.6426793509721755,
    0.6241566997766494,
    0.6140943562984467,
    0.5886803615093231,
    0.5903142070770264,
    0.5686789786815644,
    0.569908830523491,
    0.5542789161205292,
    0.5293231999874115,
    0.546082381606102,
    0.5214351490139961,
    0.5235505932569504,
    0.5149632567167282,
    0.4998438939452171,
    0.503482226729393,
    0.5098952412605285,
    0.49084024369716645,
    0.4866713714599609,
    0.4880018943548203,
    0.4786029773950577,
    0.4804224818944931,
    0.4781594640016556,
    0.46476245284080503,
    0.4674044468998909,
    0.4602603363990784,
    0.45640637338161466,
    0.45372587263584135,
    0.44445974349975587,
    0.4482036176323891,
    0.4437472450733185,
    0.445539636015892,
    0.4450892698764801,
    0.44502296328544616,
    0.4318898966908455,
    0.4280430418252945,
    0.43125235110521315,
    0.4234420132637024,
    0.4148187652230263,
    0.41112862795591354,
    0.40679670572280885,
    0.4170543798804283,
    0.41626569151878356,
    0.4081626778841019,
    0.40700132966041563,
    0.40353869915008544
  ],
  "train_component_losses": {
    "equation": [
      0.05363934526516459,
      0.08918097086250781,
      0.16901549965143203,
      0.20334586903452873,
      0.21361236557364463,
      0.21122264608740807,
      0.20071160078048705,
      0.18786534413695335,
      0.1727057756483555,
      0.2011257740855217,
      0.17346890956163408,
      0.1958034446835518,
      0.1790261921286583,
      0.1533022503554821,
      0.17832149893045426,
      0.14977642744779587,
      0.17326568633317949,
      0.15638071104884146,
      0.14360368937253953,
      0.14603821247816084,
      0.16684476315975189,
      0.15095891132950784,
      0.15636000886559487,
      0.14007907152175902,
      0.14767220184206964,
      0.15457910023629665,
      0.15065113037824632,
      0.13538096755743026,
      0.1436030487716198,
      0.1421571560204029,
      0.14327607721090316,
      0.1358542449772358,
      0.1323644945770502,
      0.13614569902420043,
      0.1366179919242859,
      0.14358472362160682,
      0.1446129022538662,
      0.1457067672163248,
      0.13111092895269394,
      0.13148537158966064,
      0.12778332598507405,
      0.12689164116978646,
      0.11737426280975342,
      0.1213593015819788,
      0.11202979065477849,
      0.1342521996796131,
      0.13025655873119832,
      0.12513949751853942,
      0.13198519080877305,
      0.1260184633731842
    ],
    "ic": [
      1.332277170419693,
      0.9858577752113342,
      0.6518340462446213,
      0.5135483062267303,
      0.4545318692922592,
      0.4314126566052437,
      0.4283748936653137,
      0.43241103321313856,
      0.4341186937689781,
      0.3881884694099426,
      0.4098459431529045,
      0.3755154240131378,
      0.38221773117780683,
      0.40389192998409273,
      0.37706409990787504,
      0.39759321987628937,
      0.35716569423675537,
      0.3742117422819138,
      0.3783740898966789,
      0.3791966965794563,
      0.3458430138230324,
      0.3531089162826538,
      0.34109949946403506,
      0.36327200293540957,
      0.3472850650548935,
      0.33015781015157697,
      0.33259092301130294,
      0.34871287778019905,
      0.3287022891640663,
      0.32848851442337035,
      0.3168856558203697,
      0.3296578811109066,
      0.32638155072927477,
      0.3218550634384155,
      0.31142329156398774,
      0.3019405418634415,
      0.3034448751807213,
      0.3009438915550709,
      0.31050362199544906,
      0.31008257627487185,
      0.311328147649765,
      0.30610511332750323,
      0.3110126659274101,
      0.3029600994288921,
      0.3141209883987904,
      0.2856206987798214,
      0.28599815264344214,
      0.2921310165524483,
      0.27457049548625945,
      0.2824163956940174
    ]
  },
  "test_losses": [
    13.203674125671387,
    12.075289726257324,
    11.414028205871581,
    11.05968563079834,
    10.695302314758301,
    11.094860916137696,
    10.506434707641601,
    10.696854591369629,
    10.241933975219727,
    10.262442817687988,
    9.879702529907227,
    10.267905769348145,
    10.30797882080078,
    9.968014640808105,
    10.19061206817627,
    10.200116004943848,
    10.067530593872071,
    10.292597045898438,
    9.938660621643066,
    10.07117748260498,
    9.992100753784179,
    10.033651123046875,
    10.406512336730957,
    10.06489372253418,
    10.11230484008789,
    10.005130882263183,
    10.076099090576172,
    10.124823684692382,
    10.235209922790528,
    10.191439514160157,
    9.999722023010253,
    10.161616706848145,
    10.369900512695313,
    10.111302604675293,
    9.936825714111329,
    10.037671699523926,
    10.30077247619629,
    10.072320289611817,
    10.13836151123047,
    10.309376487731933,
    10.10704719543457,
    10.188747940063477,
    10.163132019042969,
    10.271102027893066,
    10.126531600952148,
    10.297124786376953,
    10.081250457763671,
    10.200622177124023,
    10.236559371948243,
    10.102671279907227
  ],
  "train_loss_weights": {
    "equation": [
      0.9742794632911682,
      0.9742794632911682,
      0.9742794632911682,
      0.9742794632911682,
      0.9742794632911682,
      0.9742794632911682,
      0.9742794632911682,
      0.9742794632911682,
      0.9742794632911682,
      0.9742794632911682,
      0.9742794632911682,
      0.9742794632911682,
      0.9742794632911682,
      0.9742794632911682,
      0.9742794632911682,
      0.9742794632911682,
      0.9742794632911682,
      0.9742794632911682,
      0.9742794632911682,
      0.9742794632911682,
      0.9742794632911682,
      0.9742794632911682,
      0.9742794632911682,
      0.9742794632911682,
      0.9742794632911682,
      0.9742794632911682,
      0.9742794632911682,
      0.9742794632911682,
      0.9742794632911682,
      0.9742794632911682,
      0.9742794632911682,
      0.9742794632911682,
      0.9742794632911682,
      0.9742794632911682,
      0.9742794632911682,
      0.9742794632911682,
      0.9742794632911682,
      0.9742794632911682,
      0.9742794632911682,
      0.9742794632911682,
      0.9742794632911682,
      0.9742794632911682,
      0.9742794632911682,
      0.9742794632911682,
      0.9742794632911682,
      0.9742794632911682,
      0.9742794632911682,
      0.9742794632911682,
      0.9742794632911682,
      0.9742794632911682
    ],